{"cameraMode":{"drawMode":0,"name":"Shaded","section":"Shading Mode"},"sceneLighting":true,"audioPlay":false,"sceneViewState":{"m_AlwaysRefresh":false,"showFog":true,"showSkybox":true,"showFlares":true,"showImageEffects":true,"showParticleSystems":true,"showVisualEffectGraphs":true,"m_FxEnabled":true},"in2DMode":false,"pivot":{"x":-1.3031210899353028,"y":-13.725692749023438,"z":-2.3493881225585939},"rotation":{"x":-0.0016324741300195456,"y":0.9213221073150635,"z":-0.38877925276756289,"w":-0.0038686380721628668},"size":37.45317840576172,"orthographic":false}