{"cameraMode":{"drawMode":0,"name":"Shaded","section":"Shading Mode"},"sceneLighting":true,"audioPlay":false,"sceneViewState":{"m_AlwaysRefresh":false,"showFog":true,"showSkybox":true,"showFlares":true,"showImageEffects":true,"showParticleSystems":true,"showVisualEffectGraphs":true,"m_FxEnabled":true},"in2DMode":false,"pivot":{"x":393.24267578125,"y":248.15469360351563,"z":19.76727294921875},"rotation":{"x":-0.0033101686276495458,"y":0.002097196877002716,"z":-0.000007174754955485696,"w":-0.999993085861206},"size":346.142822265625,"orthographic":false}